Index,(Intercept),age,age_squared,genderM,education,R2,sigma
SS_T1_3SD,11.7925878838609,-0.0796296285490018,0.000115525791711958,-0.386407817910411,0.121824570016392,0.310944961830382,2.51072262378318
SS_T2_3SD,10.3810439125441,-0.0289802699101734,-0.000292369904245387,-0.225814477216488,0.123437191255174,0.293881425554003,2.29921793102117
SS_T3_3SD,9.87615635641076,-0.00987599364438196,-0.000453380441716143,-0.375835637943434,0.118666067876007,0.28187729138984,2.27361290362513
SS_Total_3SD,10.9879153238507,-0.0500844085843986,-0.00019418083335165,-0.432360937400629,0.137289194052156,0.361639566488874,2.32754077225095
SS_DR_3SD,9.81686226582621,0.0146530583589858,-0.000727896217682564,-0.266294068312813,0.0983611756760597,0.31048867312194,2.1808637958401
